index,verilog,testbench,vcd,wavedrom,image
11,wavedrom_dataset/verilog_modules/59.v,wavedrom_dataset/testbenches/11_tb.v,wavedrom_dataset/vcd/11.vcd,wavedrom_dataset/wavedrom/11.json,wavedrom_dataset/timing_diagrams/11.png
10,wavedrom_dataset/verilog_modules/24.v,wavedrom_dataset/testbenches/10_tb.v,wavedrom_dataset/vcd/10.vcd,wavedrom_dataset/wavedrom/10.json,wavedrom_dataset/timing_diagrams/10.png
8,wavedrom_dataset/verilog_modules/37.v,wavedrom_dataset/testbenches/8_tb.v,wavedrom_dataset/vcd/8.vcd,wavedrom_dataset/wavedrom/8.json,wavedrom_dataset/timing_diagrams/8.png
7,wavedrom_dataset/verilog_modules/84.v,wavedrom_dataset/testbenches/7_tb.v,wavedrom_dataset/vcd/7.vcd,wavedrom_dataset/wavedrom/7.json,wavedrom_dataset/timing_diagrams/7.png
3,wavedrom_dataset/verilog_modules/72.v,wavedrom_dataset/testbenches/3_tb.v,wavedrom_dataset/vcd/3.vcd,wavedrom_dataset/wavedrom/3.json,wavedrom_dataset/timing_diagrams/3.png
1,wavedrom_dataset/verilog_modules/26.v,wavedrom_dataset/testbenches/1_tb.v,wavedrom_dataset/vcd/1.vcd,wavedrom_dataset/wavedrom/1.json,wavedrom_dataset/timing_diagrams/1.png
5,wavedrom_dataset/verilog_modules/27.v,wavedrom_dataset/testbenches/5_tb.v,wavedrom_dataset/vcd/5.vcd,wavedrom_dataset/wavedrom/5.json,wavedrom_dataset/timing_diagrams/5.png
21,wavedrom_dataset/verilog_modules/97.v,wavedrom_dataset/testbenches/21_tb.v,wavedrom_dataset/vcd/21.vcd,wavedrom_dataset/wavedrom/21.json,wavedrom_dataset/timing_diagrams/21.png
23,wavedrom_dataset/verilog_modules/25.v,wavedrom_dataset/testbenches/23_tb.v,wavedrom_dataset/vcd/23.vcd,wavedrom_dataset/wavedrom/23.json,wavedrom_dataset/timing_diagrams/23.png
24,wavedrom_dataset/verilog_modules/43.v,wavedrom_dataset/testbenches/24_tb.v,wavedrom_dataset/vcd/24.vcd,wavedrom_dataset/wavedrom/24.json,wavedrom_dataset/timing_diagrams/24.png
13,wavedrom_dataset/verilog_modules/35.v,wavedrom_dataset/testbenches/13_tb.v,wavedrom_dataset/vcd/13.vcd,wavedrom_dataset/wavedrom/13.json,wavedrom_dataset/timing_diagrams/13.png
12,wavedrom_dataset/verilog_modules/36.v,wavedrom_dataset/testbenches/12_tb.v,wavedrom_dataset/vcd/12.vcd,wavedrom_dataset/wavedrom/12.json,wavedrom_dataset/timing_diagrams/12.png
14,wavedrom_dataset/verilog_modules/62.v,wavedrom_dataset/testbenches/14_tb.v,wavedrom_dataset/vcd/14.vcd,wavedrom_dataset/wavedrom/14.json,wavedrom_dataset/timing_diagrams/14.png
18,wavedrom_dataset/verilog_modules/86.v,wavedrom_dataset/testbenches/18_tb.v,wavedrom_dataset/vcd/18.vcd,wavedrom_dataset/wavedrom/18.json,wavedrom_dataset/timing_diagrams/18.png
19,wavedrom_dataset/verilog_modules/79.v,wavedrom_dataset/testbenches/19_tb.v,wavedrom_dataset/vcd/19.vcd,wavedrom_dataset/wavedrom/19.json,wavedrom_dataset/timing_diagrams/19.png
26,wavedrom_dataset/verilog_modules/66.v,wavedrom_dataset/testbenches/26_tb.v,wavedrom_dataset/vcd/26.vcd,wavedrom_dataset/wavedrom/26.json,wavedrom_dataset/timing_diagrams/26.png
29,wavedrom_dataset/verilog_modules/83.v,wavedrom_dataset/testbenches/29_tb.v,wavedrom_dataset/vcd/29.vcd,wavedrom_dataset/wavedrom/29.json,wavedrom_dataset/timing_diagrams/29.png
27,wavedrom_dataset/verilog_modules/14.v,wavedrom_dataset/testbenches/27_tb.v,wavedrom_dataset/vcd/27.vcd,wavedrom_dataset/wavedrom/27.json,wavedrom_dataset/timing_diagrams/27.png
22,wavedrom_dataset/verilog_modules/20.v,wavedrom_dataset/testbenches/22_tb.v,wavedrom_dataset/vcd/22.vcd,wavedrom_dataset/wavedrom/22.json,wavedrom_dataset/timing_diagrams/22.png
31,wavedrom_dataset/verilog_modules/46.v,wavedrom_dataset/testbenches/31_tb.v,wavedrom_dataset/vcd/31.vcd,wavedrom_dataset/wavedrom/31.json,wavedrom_dataset/timing_diagrams/31.png
33,wavedrom_dataset/verilog_modules/85.v,wavedrom_dataset/testbenches/33_tb.v,wavedrom_dataset/vcd/33.vcd,wavedrom_dataset/wavedrom/33.json,wavedrom_dataset/timing_diagrams/33.png
35,wavedrom_dataset/verilog_modules/38.v,wavedrom_dataset/testbenches/35_tb.v,wavedrom_dataset/vcd/35.vcd,wavedrom_dataset/wavedrom/35.json,wavedrom_dataset/timing_diagrams/35.png
42,wavedrom_dataset/verilog_modules/22.v,wavedrom_dataset/testbenches/42_tb.v,wavedrom_dataset/vcd/42.vcd,wavedrom_dataset/wavedrom/42.json,wavedrom_dataset/timing_diagrams/42.png
36,wavedrom_dataset/verilog_modules/45.v,wavedrom_dataset/testbenches/36_tb.v,wavedrom_dataset/vcd/36.vcd,wavedrom_dataset/wavedrom/36.json,wavedrom_dataset/timing_diagrams/36.png
38,wavedrom_dataset/verilog_modules/70.v,wavedrom_dataset/testbenches/38_tb.v,wavedrom_dataset/vcd/38.vcd,wavedrom_dataset/wavedrom/38.json,wavedrom_dataset/timing_diagrams/38.png
44,wavedrom_dataset/verilog_modules/21.v,wavedrom_dataset/testbenches/44_tb.v,wavedrom_dataset/vcd/44.vcd,wavedrom_dataset/wavedrom/44.json,wavedrom_dataset/timing_diagrams/44.png
45,wavedrom_dataset/verilog_modules/61.v,wavedrom_dataset/testbenches/45_tb.v,wavedrom_dataset/vcd/45.vcd,wavedrom_dataset/wavedrom/45.json,wavedrom_dataset/timing_diagrams/45.png
50,wavedrom_dataset/verilog_modules/82.v,wavedrom_dataset/testbenches/50_tb.v,wavedrom_dataset/vcd/50.vcd,wavedrom_dataset/wavedrom/50.json,wavedrom_dataset/timing_diagrams/50.png
52,wavedrom_dataset/verilog_modules/2.v,wavedrom_dataset/testbenches/52_tb.v,wavedrom_dataset/vcd/52.vcd,wavedrom_dataset/wavedrom/52.json,wavedrom_dataset/timing_diagrams/52.png
53,wavedrom_dataset/verilog_modules/92.v,wavedrom_dataset/testbenches/53_tb.v,wavedrom_dataset/vcd/53.vcd,wavedrom_dataset/wavedrom/53.json,wavedrom_dataset/timing_diagrams/53.png
54,wavedrom_dataset/verilog_modules/42.v,wavedrom_dataset/testbenches/54_tb.v,wavedrom_dataset/vcd/54.vcd,wavedrom_dataset/wavedrom/54.json,wavedrom_dataset/timing_diagrams/54.png
55,wavedrom_dataset/verilog_modules/56.v,wavedrom_dataset/testbenches/55_tb.v,wavedrom_dataset/vcd/55.vcd,wavedrom_dataset/wavedrom/55.json,wavedrom_dataset/timing_diagrams/55.png
57,wavedrom_dataset/verilog_modules/41.v,wavedrom_dataset/testbenches/57_tb.v,wavedrom_dataset/vcd/57.vcd,wavedrom_dataset/wavedrom/57.json,wavedrom_dataset/timing_diagrams/57.png
58,wavedrom_dataset/verilog_modules/44.v,wavedrom_dataset/testbenches/58_tb.v,wavedrom_dataset/vcd/58.vcd,wavedrom_dataset/wavedrom/58.json,wavedrom_dataset/timing_diagrams/58.png
59,wavedrom_dataset/verilog_modules/93.v,wavedrom_dataset/testbenches/59_tb.v,wavedrom_dataset/vcd/59.vcd,wavedrom_dataset/wavedrom/59.json,wavedrom_dataset/timing_diagrams/59.png
61,wavedrom_dataset/verilog_modules/34.v,wavedrom_dataset/testbenches/61_tb.v,wavedrom_dataset/vcd/61.vcd,wavedrom_dataset/wavedrom/61.json,wavedrom_dataset/timing_diagrams/61.png
60,wavedrom_dataset/verilog_modules/58.v,wavedrom_dataset/testbenches/60_tb.v,wavedrom_dataset/vcd/60.vcd,wavedrom_dataset/wavedrom/60.json,wavedrom_dataset/timing_diagrams/60.png
63,wavedrom_dataset/verilog_modules/69.v,wavedrom_dataset/testbenches/63_tb.v,wavedrom_dataset/vcd/63.vcd,wavedrom_dataset/wavedrom/63.json,wavedrom_dataset/timing_diagrams/63.png
64,wavedrom_dataset/verilog_modules/64.v,wavedrom_dataset/testbenches/64_tb.v,wavedrom_dataset/vcd/64.vcd,wavedrom_dataset/wavedrom/64.json,wavedrom_dataset/timing_diagrams/64.png
65,wavedrom_dataset/verilog_modules/67.v,wavedrom_dataset/testbenches/65_tb.v,wavedrom_dataset/vcd/65.vcd,wavedrom_dataset/wavedrom/65.json,wavedrom_dataset/timing_diagrams/65.png
62,wavedrom_dataset/verilog_modules/54.v,wavedrom_dataset/testbenches/62_tb.v,wavedrom_dataset/vcd/62.vcd,wavedrom_dataset/wavedrom/62.json,wavedrom_dataset/timing_diagrams/62.png
66,wavedrom_dataset/verilog_modules/87.v,wavedrom_dataset/testbenches/66_tb.v,wavedrom_dataset/vcd/66.vcd,wavedrom_dataset/wavedrom/66.json,wavedrom_dataset/timing_diagrams/66.png
67,wavedrom_dataset/verilog_modules/11.v,wavedrom_dataset/testbenches/67_tb.v,wavedrom_dataset/vcd/67.vcd,wavedrom_dataset/wavedrom/67.json,wavedrom_dataset/timing_diagrams/67.png
56,wavedrom_dataset/verilog_modules/52.v,wavedrom_dataset/testbenches/56_tb.v,wavedrom_dataset/vcd/56.vcd,wavedrom_dataset/wavedrom/56.json,wavedrom_dataset/timing_diagrams/56.png
68,wavedrom_dataset/verilog_modules/80.v,wavedrom_dataset/testbenches/68_tb.v,wavedrom_dataset/vcd/68.vcd,wavedrom_dataset/wavedrom/68.json,wavedrom_dataset/timing_diagrams/68.png
71,wavedrom_dataset/verilog_modules/19.v,wavedrom_dataset/testbenches/71_tb.v,wavedrom_dataset/vcd/71.vcd,wavedrom_dataset/wavedrom/71.json,wavedrom_dataset/timing_diagrams/71.png
70,wavedrom_dataset/verilog_modules/13.v,wavedrom_dataset/testbenches/70_tb.v,wavedrom_dataset/vcd/70.vcd,wavedrom_dataset/wavedrom/70.json,wavedrom_dataset/timing_diagrams/70.png
72,wavedrom_dataset/verilog_modules/1.v,wavedrom_dataset/testbenches/72_tb.v,wavedrom_dataset/vcd/72.vcd,wavedrom_dataset/wavedrom/72.json,wavedrom_dataset/timing_diagrams/72.png
74,wavedrom_dataset/verilog_modules/68.v,wavedrom_dataset/testbenches/74_tb.v,wavedrom_dataset/vcd/74.vcd,wavedrom_dataset/wavedrom/74.json,wavedrom_dataset/timing_diagrams/74.png
75,wavedrom_dataset/verilog_modules/81.v,wavedrom_dataset/testbenches/75_tb.v,wavedrom_dataset/vcd/75.vcd,wavedrom_dataset/wavedrom/75.json,wavedrom_dataset/timing_diagrams/75.png
76,wavedrom_dataset/verilog_modules/9.v,wavedrom_dataset/testbenches/76_tb.v,wavedrom_dataset/vcd/76.vcd,wavedrom_dataset/wavedrom/76.json,wavedrom_dataset/timing_diagrams/76.png
73,wavedrom_dataset/verilog_modules/33.v,wavedrom_dataset/testbenches/73_tb.v,wavedrom_dataset/vcd/73.vcd,wavedrom_dataset/wavedrom/73.json,wavedrom_dataset/timing_diagrams/73.png
77,wavedrom_dataset/verilog_modules/63.v,wavedrom_dataset/testbenches/77_tb.v,wavedrom_dataset/vcd/77.vcd,wavedrom_dataset/wavedrom/77.json,wavedrom_dataset/timing_diagrams/77.png
79,wavedrom_dataset/verilog_modules/8.v,wavedrom_dataset/testbenches/79_tb.v,wavedrom_dataset/vcd/79.vcd,wavedrom_dataset/wavedrom/79.json,wavedrom_dataset/timing_diagrams/79.png
78,wavedrom_dataset/verilog_modules/6.v,wavedrom_dataset/testbenches/78_tb.v,wavedrom_dataset/vcd/78.vcd,wavedrom_dataset/wavedrom/78.json,wavedrom_dataset/timing_diagrams/78.png
80,wavedrom_dataset/verilog_modules/39.v,wavedrom_dataset/testbenches/80_tb.v,wavedrom_dataset/vcd/80.vcd,wavedrom_dataset/wavedrom/80.json,wavedrom_dataset/timing_diagrams/80.png
82,wavedrom_dataset/verilog_modules/23.v,wavedrom_dataset/testbenches/82_tb.v,wavedrom_dataset/vcd/82.vcd,wavedrom_dataset/wavedrom/82.json,wavedrom_dataset/timing_diagrams/82.png
81,wavedrom_dataset/verilog_modules/32.v,wavedrom_dataset/testbenches/81_tb.v,wavedrom_dataset/vcd/81.vcd,wavedrom_dataset/wavedrom/81.json,wavedrom_dataset/timing_diagrams/81.png
84,wavedrom_dataset/verilog_modules/74.v,wavedrom_dataset/testbenches/84_tb.v,wavedrom_dataset/vcd/84.vcd,wavedrom_dataset/wavedrom/84.json,wavedrom_dataset/timing_diagrams/84.png
85,wavedrom_dataset/verilog_modules/40.v,wavedrom_dataset/testbenches/85_tb.v,wavedrom_dataset/vcd/85.vcd,wavedrom_dataset/wavedrom/85.json,wavedrom_dataset/timing_diagrams/85.png
86,wavedrom_dataset/verilog_modules/47.v,wavedrom_dataset/testbenches/86_tb.v,wavedrom_dataset/vcd/86.vcd,wavedrom_dataset/wavedrom/86.json,wavedrom_dataset/timing_diagrams/86.png
83,wavedrom_dataset/verilog_modules/29.v,wavedrom_dataset/testbenches/83_tb.v,wavedrom_dataset/vcd/83.vcd,wavedrom_dataset/wavedrom/83.json,wavedrom_dataset/timing_diagrams/83.png
87,wavedrom_dataset/verilog_modules/60.v,wavedrom_dataset/testbenches/87_tb.v,wavedrom_dataset/vcd/87.vcd,wavedrom_dataset/wavedrom/87.json,wavedrom_dataset/timing_diagrams/87.png
88,wavedrom_dataset/verilog_modules/18.v,wavedrom_dataset/testbenches/88_tb.v,wavedrom_dataset/vcd/88.vcd,wavedrom_dataset/wavedrom/88.json,wavedrom_dataset/timing_diagrams/88.png
90,wavedrom_dataset/verilog_modules/0.v,wavedrom_dataset/testbenches/90_tb.v,wavedrom_dataset/vcd/90.vcd,wavedrom_dataset/wavedrom/90.json,wavedrom_dataset/timing_diagrams/90.png
89,wavedrom_dataset/verilog_modules/48.v,wavedrom_dataset/testbenches/89_tb.v,wavedrom_dataset/vcd/89.vcd,wavedrom_dataset/wavedrom/89.json,wavedrom_dataset/timing_diagrams/89.png
91,wavedrom_dataset/verilog_modules/95.v,wavedrom_dataset/testbenches/91_tb.v,wavedrom_dataset/vcd/91.vcd,wavedrom_dataset/wavedrom/91.json,wavedrom_dataset/timing_diagrams/91.png
92,wavedrom_dataset/verilog_modules/73.v,wavedrom_dataset/testbenches/92_tb.v,wavedrom_dataset/vcd/92.vcd,wavedrom_dataset/wavedrom/92.json,wavedrom_dataset/timing_diagrams/92.png
93,wavedrom_dataset/verilog_modules/98.v,wavedrom_dataset/testbenches/93_tb.v,wavedrom_dataset/vcd/93.vcd,wavedrom_dataset/wavedrom/93.json,wavedrom_dataset/timing_diagrams/93.png
94,wavedrom_dataset/verilog_modules/3.v,wavedrom_dataset/testbenches/94_tb.v,wavedrom_dataset/vcd/94.vcd,wavedrom_dataset/wavedrom/94.json,wavedrom_dataset/timing_diagrams/94.png
95,wavedrom_dataset/verilog_modules/65.v,wavedrom_dataset/testbenches/95_tb.v,wavedrom_dataset/vcd/95.vcd,wavedrom_dataset/wavedrom/95.json,wavedrom_dataset/timing_diagrams/95.png
96,wavedrom_dataset/verilog_modules/16.v,wavedrom_dataset/testbenches/96_tb.v,wavedrom_dataset/vcd/96.vcd,wavedrom_dataset/wavedrom/96.json,wavedrom_dataset/timing_diagrams/96.png
98,wavedrom_dataset/verilog_modules/94.v,wavedrom_dataset/testbenches/98_tb.v,wavedrom_dataset/vcd/98.vcd,wavedrom_dataset/wavedrom/98.json,wavedrom_dataset/timing_diagrams/98.png
99,wavedrom_dataset/verilog_modules/96.v,wavedrom_dataset/testbenches/99_tb.v,wavedrom_dataset/vcd/99.vcd,wavedrom_dataset/wavedrom/99.json,wavedrom_dataset/timing_diagrams/99.png
97,wavedrom_dataset/verilog_modules/90.v,wavedrom_dataset/testbenches/97_tb.v,wavedrom_dataset/vcd/97.vcd,wavedrom_dataset/wavedrom/97.json,wavedrom_dataset/timing_diagrams/97.png
